{"Epoch":1000,"Training loss":0.23971018443504968,"Validation loss":0.22520503401756287,"_timestamp":1.759314991837078e+09,"_step":999,"_wandb":{"runtime":10},"_runtime":10}