{"Epoch":1000,"Training loss":0.23942329734563828,"Validation loss":0.23909465968608856,"_wandb":{"runtime":7},"_runtime":7,"_timestamp":1.759313451780508e+09,"_step":999}