{"_timestamp":1.7593159775774956e+09,"_step":999,"Epoch":1000,"Training loss":0.24233767638603845,"_wandb":{"runtime":10},"_runtime":10,"Validation loss":0.23031161725521088}