{"Training loss":0.23684702813625336,"Validation loss":0.22642552852630615,"_timestamp":1.7593160364181774e+09,"_wandb":{"runtime":10},"_runtime":10,"_step":999,"Epoch":1000}