{"_runtime":19,"_timestamp":1.759315338230905e+09,"_step":999,"Epoch":1000,"Training loss":0.23871592853380286,"Validation loss":0.24197301268577576,"_wandb":{"runtime":19}}