{"_wandb":{"runtime":14},"_runtime":14,"Epoch":1000,"Training loss":0.2308946711321672,"Validation loss":0.23707355558872223,"_timestamp":1.7593198403211894e+09,"_step":999}