{"_wandb":{"runtime":13},"_runtime":13,"Epoch":1000,"Training loss":0.2378808595240116,"Validation loss":0.2396022081375122,"_timestamp":1.759319927316176e+09,"_step":999}