{"_timestamp":1.7593199701451995e+09,"_wandb":{"runtime":27},"_runtime":27,"_step":1999,"Epoch":2000,"Training loss":0.23906437680125237,"Validation loss":0.23285245895385742}