{"_step":2999,"Epoch":3000,"_wandb":{"runtime":32},"_runtime":32,"Training loss":0.23881945634881654,"Validation loss":0.24029074609279633,"_timestamp":1.7593158150155537e+09}