{"Validation loss":0.23498928546905518,"_timestamp":1.7593157066048455e+09,"_wandb":{"runtime":30},"_runtime":30,"_step":2999,"Epoch":3000,"Training loss":0.23996825267871222}