{"_timestamp":1.7593154154042947e+09,"_step":999,"_wandb":{"runtime":31},"_runtime":31,"Epoch":1000,"Training loss":0.23259859283765158,"Validation loss":0.25396817922592163}