{"Validation loss":0.2501443922519684,"_timestamp":1.7593160108262765e+09,"_wandb":{"runtime":12},"_runtime":12,"_step":1199,"Epoch":1200,"Training loss":0.23577465489506721}