{"_timestamp":1.7593197063587012e+09,"_wandb":{"runtime":14},"_runtime":14,"_step":999,"Epoch":1000,"Training loss":0.2380278892815113,"Validation loss":0.22756701707839966}