{"_step":999,"Epoch":1000,"Training loss":0.2385752648115158,"Validation loss":0.23606424033641815,"_wandb":{"runtime":8},"_runtime":8,"_timestamp":1.7593155123825612e+09}